﻿<?xml version="1.0"?>
<doc>
<assembly>
<name>
SNDMercador
</name>
</assembly>
<members>
<member name="T:SNDMercador.My.Resources.Resources">
<summary>
  A strongly-typed resource class, for looking up localized strings, etc.
</summary>
</member>
<member name="P:SNDMercador.My.Resources.Resources.ResourceManager">
<summary>
  Returns the cached ResourceManager instance used by this class.
</summary>
</member>
<member name="P:SNDMercador.My.Resources.Resources.Culture">
<summary>
  Overrides the current thread's CurrentUICulture property for all
  resource lookups using this strongly typed resource class.
</summary>
</member>
<member name="M:SNDMercador.GeraRelatorio.ModeloDLICustom">
 <summary>
 Novo metodo de geração de excel com CopyFromRecordSet mais rapido 
 do que copiar dados celula a celula.
 </summary>
</member>
<member name="M:SNDMercador.GeraRelatorio.Setvalues(System.String,System.String,System.DateTime,System.DateTime)">
 <summary>
 Gera o relatorio mediante e perido das informações.
 </summary>
</member>
<member name="M:SNDMercador.GeraRelatorio.NAR(System.Object)">
 <summary>
 Sub para finalizar a instância do processo do Excel
 </summary>
</member>
</members>
</doc>
